1|A&E|66|4413839|4413839|Av. Medinacelli Nº 1465|Internacional||
2|ACERVIDA|42|70813561||C. Guarayos Nº 7 Santa cruz|Bicentenario|http://www.actiweb.es/acervida-gimnasio/|
3|ACQVATECH|45|4798141||C. Girasoles 1234 zona alto aranjuez|Bicentenario||
4|ACUAVID IMPORT & EXPORT|72, 73|4229396||C. Urinsaya 23 frente escuela Santiago Apostol EL PASO|Internacional||https://www.facebook.com/pages/Acuavid-Import-Export/163343957083298?fref=ts
5|ADUANA NACIONAL DE BOLIVIA|21, 22|4377777|4377777|Av. Capitan Ustariz km7 1/2|Bicentenario|http://www.aduana.gob.bo/aduana7/|https://www.facebook.com/AduanaNacionalDeBolivia?fref=ts
6|AGRONAT S.A.|94|2490906||C. Felipe II Guzman Nº 1578 - La Paz|Bicentenario|http://www.agronat.com/|https://www.facebook.com/AGRONAT
7|AGROTE - ASOCIACION AGROINDUSTRIAL DE PRODUCTORES DE TE|14|4704546|76401227|Av. Villazon km 10 1/2 frente a surtidor City True Comercial Vergara|Bicentenario|http://cambioclimatico.forolacfr.org/materiales/PDFs/Taller_VIII/Rolando_Sahonero-Sartawi-Bolivia.pdf|
8|ALGAR S.A.|106, 107, 108|4429192|4119253|Av. BLANCO GALINDO KM 1 1/2 Nº 1290 ZONA HIPODROMO ACERA NORTE|Bolivia||
9|ALVARO FUENTES ION TECNOLOGY S.R.L.|13|4254109|4048157|C. MEXICO Nº 324|Internacional||
10|ALZER REPRESENTACIONES|21|4792600||Av. Blanco Galindo 268 entre Heroes nacionales y Caracoles|Internacional||
11|AMERICAN TRADING COMPANY SRL|1D20E|3115737||Parque Industrial Zona Este Final Av. Prolongacion Paragua|Area Externa||
12|Amore|41, 42|4535379||Av. OQUENDO Nº 654 MEZANINE LOCAL 138 SHOPPING TORRES SOFER|Bolivia||
13|ANVICK|99, 100, 114|4665560||Av. Villarroel 2030 casi Ciclovia|Internacional||
14|APPSBOL SRL|2A10E|4284384|72214108|C. Irigoyen Nº 302|Internacional||
15|ARTE & MUEBLES|14|4223830|65501006|Av. BEIJING ESQ ANGELICA ASCUI|Bicentenario||
16|ARTESANIAS FERNANDEZ|7|4747084||Av. Suecia y Sofia Rosel|Integracion||
17|Artesanias Illimani|9|72523644||EDIFICIO HANDALL FRENTE AL OBELISCO PLANTA BAJA PUNTO BOLIVIANO Of. 47 - 48|Integracion|http://www.comercio.gnb.com.bo/Ropa-de-hombre,-accesorios-y-articulos.-Confecciones-y-venta/11756/ARTESAN%C3%8DAS-ILLIMANI.html|
18|ARTESANIAS SAM|53, 54, 55, 56|72746544||Psje. Camponovo y Av. Simon Lopez esq Colquiri|Integracion||
19|ARTESANOS BICENTENARIO|35, 36, 45, 46, 47, 48, 49, 50, 51, 52, 53, 54|4311641||Av. Oncologico Tiquipaya|Artesanal||
20|ARTESANOS PRODUCTORES COCHABAMBA (MI LLAJTA, INTI Y SARTAWI ANDINO)|1C18E|79354774 - 72212213||Pasaje Joaquin Zenteno Anaya Nº 77|Area Externa||
21|ASOCIACION DE PRODUCTORAS ULALA|37|4401173||LA JOYA ESQ. INCACHACA VILLA PAGADOR|Integracion|http://www.opinion.com.bo/opinion/revista_asi/2015/0201/suplementos.php?id=5383|
22|AUTOCORPORACION SERCOA SRL|2A9E|70721600||Av. Ramon Rivero Nº 642|Area Externa||
23|AUTOGROUP GRUPO AUTOMOTRIZ BOLIVIANO SRL|7|4457777|75466408|Av. AMERICA Nº 877|Area Externa|http://bo.w393.com/AUTOGROUP+GRUPO+AUTOMOTRIZ+BOLIVIANO+SRL/4580371700|https://www.facebook.com/imserauto.importacionesrepresentaciones?fref=ts
24|AUTOMUNDO BOLIVIA SRL|25, 26, 27, 28, 29, 30, 31, 32|4297001|4297014|Av. Libertador Bolivar Nº 1418|Area Externa|http://www.automundobolivia.com/|https://www.facebook.com/profile.php?id=100009255367210&fref=ts
25|AUTORIDAD DE FISCALIZACIÓN Y CONTROL SOCIAL DEL JUEGO|83, 84|2971558|2971559|C. 16 de Obrajes Nº 220|Bolivia|http://www.aj.gob.bo/sitios/sitioWebAJ/Paginas/Principal.aspx|
26|AVICOLA ROLON SRL|64, 65, 66|4316082 - 4316921|70744251|Av. DEL REDUCTO S/N ZONA BRUNOMOCO TIQUIPAYA|Bolivia||
27|BADANA FASHION|40|72070599||Av. MARISCAL SANTA CRUZ Nº 1086 GALERIA DE FERIA DEL CUERO|Bicentenario||
28|BANCO GANADERO S.A.|2A27E|317-3061|317-3000|Av. Ayacucho Nº 174|Area Externa|https://www.bg.com.bo/|https://www.facebook.com/bg.com.bo?fref=ts
29|BANCO MERCANTIL SANTA CRUZ|109, 110|4251865 - 66|4251078|NATANIEL AGUIRRE N° 201 ESQUINA CALAMA|Area Externa|https://www.bmsc.com.bo/personas/Pagina%20Default/default.aspx|https://www.facebook.com/BancoMercantilSantaCruz?fref=ts
30|BANCO NACIONAL DE BOLIVIA S.A.|4|4153999|4153999|Nataniel Aguirre Nº 198 esq. Jordan|Area Externa|http://www.bnb.com.bo/|https://www.facebook.com/BancoNacionaldeBoliviaSA
31|BANCO UNION S.A.|18, 19, 20, 21, 22, 1-ATM|4171717|4171713|Av. Ballivian Nº 725|Bolivia ó Area Externa|http://www.bancounion.com.bo/|https://www.facebook.com/bancounion
32|BIBLOS EDICIONES|29|4458699|75991565|PSJE. WARISATA Nº 1 CIRCUNVALACION Y POTOSI|Bicentenario||
33|BOLHISPANIA S.A.|55|4563011 - 75581010|4599579|C. Federico Blanco Nº 831|Bolivia||https://www.facebook.com/bolhispania.sa?fref=ts
34|BOLIVIA PRODUCIENDO QUINUA|1|4712537 - 4713773 - 67462955||Av. CIRCUNVALACION Y FORESTAL 003 ZONA AMANCAYAS|Integracion|http://iicyt.fcyt.umss.edu.bo/drupal-cero2/node/28|
35|BOLTEC|9, 10|3433035|3433038|Av. ALEMANA ENTRE 6TO Y 7MO ANILLO Nº 6196|Bicentenario|http://www.boltec.com.bo/|https://www.facebook.com/boltecmaquinaria?fref=ts
36|BOUTIQUE INDIA ARTE HINDU|107|3302824- 76785891||C. FLORIDA 62 ENTRE 24 DE SEPTIEMBRE Y LIBERTAD|Internacional||
37|BREAK & DONUTS|1|4485209||ANICETO PADILLA N° 574|Internacional|http://www.breakanddonuts.com.bo/|https://www.facebook.com/Break.and.Donuts?fref=ts
38|BURGER & FRIES BOLIVIA SRL|5|3410531||BARRIO LA BELGICA C. 8 Nº 3010 3ER ANILLO EXTERNO ENTRE Av. CANAL COTOCA Y Av. VIRGEN DE COTOCA,|Plaza de Comidas||
39|CADEPIA - CAMARA DE LA PEQUEÑA INDUSTRIA Y ARTESANIA PRODUCTIVA DE CBBA|111, 112, 113|4250520||LADISLAO CABRERA N° 260|Area Externa||
40|Cafe La Coroiqueña|27|2257611||C. ILLIMANI Nº 120|Integracion||
41|CALZADOS HB|1B2E|4734296||C. Matias Cotrina 910 zona Lajma - Itocta|Bicentenario||
42|Calzados Salguero|23|60776224||VILLAVICENCIO, C. CHIPAYA PASAJE B 203|Bicentenario||
43|CALZART BOLIVIA|13|4256829|77234345|C. 25 DE MAYO Nº 233 ENTRE COLOMBIA Y ECUADOR|Bolivia|http://calzartbolivia.com/|
44|CAMARA DE INDUSTRIA FARMACEUTICA BOLIVIANA|1B5E|4458273||Pasaje Chopin casi Grover Ferrufino Urb. Profesional|Bolivia||
45|CAPRESSO SRL|101, 102|77904614||Av. PANDO S/N BAJOS EDIF. AQUARELLA FRENTE FEPC|Bicentenario|http://www.gastronomia.gnb.com.bo/Confiterias,-heladerias/135538/CAPRESSO-SRL..html|
46|CARPINTE ART BOLIVIA SRL.|1B9E|4140441 - 4141884||Av. America Nº 360 Edif. Torre Norte PB Of. B|Area Externa|http://www.carpinteart.bo/|
47|CASTELLINI SRL|104, 105|4795125||Av. América Nº 365 edif. Palma Real piso 6 dpto 6b zona Queru Queru|Area Externa||
48|CENSA|96|4582336||Av. Heroinas 287|Bicentenario||
49|CENTRAL DE COOPERATIVAS EL CEIBO LTDA|39|2841078 - 72004656||AV JUAN PABLO II Nº 2560|Bolivia|http://fairtradeusa.org/about-fair-trade-usa|
50|CENTRO CULTURAL SEÑOR JUSTO JUEZ|19|4428792||Nuñez de Balboa 257 zona hipodromo|Integracion||
51|CERAMICA GLADYMAR S.A.|102|3466110|3645148|PARQUE INDUSTRIAL MZ-11|Bolivia|http://www.gladymar.com/|
52|CHALY KIDS|50|4747387||C. Rafael Bustillos 40 entre miraflores y derechos humanos|Bicentenario||
53|CHERRY ACCESORIOS|16|78835731||ZONA 14 DE SEPTIEMBRE, Av. BUENOS AIRES 518 GALERÍA AZTLAN LOCAL 1|Integracion|https://www.facebook.com/pages/Cherry-Accesorios/589250547779168|https://www.facebook.com/pages/Cherry-Accesorios/589250547779168?fref=ts
54|CHOCOLATES TABOADA SRL|64|4-6454680||C. Daniel Campos 82|Bicentenario||https://www.facebook.com/ChocolatesTaboada?fref=ts
55|CHOCOMANIA|8|4456546|71497789|Av. AMERICA ESQ GABRIEL RENE MORENO|Bicentenario|http://www.boliviayp.com/company/78159/Chocomania|https://www.facebook.com/chocomania.fredes.1?fref=ts
56|CLINICA BOLIVIANA AMERICANA|49|4228816|71774020|Av. SAN MARTIN Nº 1023 ENTRE MONTES Y HONDURAS|Internacional|http://www.boliviayp.com/company/25781/CLINICA_BOLIVIANA_AMERICANA|
57|CLINICA ODONTOLOGICA TELLO|10|4488582||C. BUENOS AIRES ENTRE PANDO Y MELCHOR URQUIDI|Internacional|http://es.boliviayp.com/company/57964/TELLO_CLINICA_ODONTOLOGICA|https://www.facebook.com/pages/Clinica-Odontologica-Tello/327865304036596?fref=ts
58|COMEDICA BOLIVIA S.R.L.|11|4459693||C. PANTALEON DALENCE 1722|Bolivia||
59|COMERCIAL HEREDIA|60|4505665|71769918|C. Nataniel Aguirre Nº 389 casi esq Jordan|Artesanal||
60|COMERCIAL JG|58|69455599||Av. Simon Lopez Nº 2114|Artesanal||
61|Comercial Lara|20|4299161||Av. CIRCUNVALACION PASAJE NICOLAS FLORES S/N|Integracion||
62|COMERCIALIZADORA EMASA BOLIVIA SRL|58, 59, 60, 70, 71, 72, 73|3418770 - 3418766|65060475|Av. BANZER 8VO ANILLO Nº 8500|Bolivia||
63|COMPAÑIA INDUSTRIAL DE TABACOS S.A.|30|4022771-72|4117471|Av. MARTIN CARDENAS FINAL SUD COLCAPIRHUA|Area Externa||https://www.facebook.com/pages/Compa%C3%B1ia-Industrial-De-Tabacos-Sa/626565230797127?fref=ts
64|COMPLEJO TURISTICO TERRAMIA RESORT & SPA S.A.|33, 34|79066647|61552024|Km 38 Norte Warnes y Montero - Santa Cruz|Bolivia|http://terramiaresort.com/|
65|CON CALIDAD|60|2351625|73541981|C. Heores del chaco Nº 3614 Zona Pasankeri|Integracion||
66|CONCESIONARIA ARNEZ ROMAN SRL|3A1E|4415639|77999944|Av. Beijing Nº 1323|Area Externa||
67|CONFITERIA ELIs LTDA|14, 15|4259249|75904077|25 de Mayo Nº 187 Esq. Colombia|Plaza de Comidas|http://www.gastronomia.gnb.com.bo/Confiterias,-heladerias/86930/CONFITERIA-ELIS-LTDA..html|https://www.facebook.com/search/results/?init=quick&q=CONFITERIA%20ELIs%20LTDA%20&tas=0.019713619723916054
68|CONSTRUCTORA CABEZAS & CABEZAS SRL|112|4505155||C. Jordan 0672 edif. Ali Of. 1 planta baja|Internacional||https://www.facebook.com/pages/Studio-Constructora-CABEZAS-srl/178779242148091
69|CONSULADO DE LA REPUBLICA ARGENTINA EN COCHABAMBA|70|4255859 - 71721389|4255859|C. Federico Blanco Nº 929|Internacional||
70|COOPERATIVA BOLIVIANA DE CEMENTO,INDUSTRIAS Y SERVICIOS - COBOCE LTDA|1B13E, 2A18E|4257729|4257730|Av. San Martin Nº 558|Area Externa|http://www.coboce.com/|https://www.facebook.com/Coboce?fref=ts
71|Coordinadora de Integracion de Organizaciones Economicas Campesinas de Cochabamba - CIOEC|33|4584184 - 4584203||C. Bartolome de las Casas #1357 entre Av. Calancha y pasaje zoologico|Bicentenario||
72|CORMAQ S.A.|40|4581000||C. HAMIRAYA N° 0291 ESQ. CALAMA|Area Externa|http://www.cormaqsa.com/|
73|CORONILLA S.A.|8|4717193 - 95|4717196|Av. VILLAZON N° 3847 KM 3|Bolivia|http://www.coronilla.com/|https://www.facebook.com/CoronillaBolivia?fref=ts
74|COSBELL|34|4588560||C. Ladislao Cabrera 464|Integracion||
75|Covarrubias Importaciones|29|4240047||C. RUIZ DE ORELLANA Nº 1273|Internacional|https://www.facebook.com/covarrubiasimp/photos_stream?tab=photos|https://www.facebook.com/covarrubiasimp
76|COVIDEX|2, 38|4735454||Av. Petrolera Km 2 1/2 lado vidriolux 156|Integracion||
77|CRAZY STORE|53|4531786|72215095|Av. OQUENDO Nº 496ESQ. FEDERICO BLANCO|Internacional|http://bo.clasificados.st/usuario/105240|
78|CREACIONES BOLIVIANAS UMBO|1, 2, 3, 4, 5, 6, 7, 8, 9, 10, 11, 12,13, 14, 15, 16, 17, 18, 19, 20, 21, 22, 23, 24,97|4353969||C. Isiboro N° 1136 zona sud|Artesanal||
79|CREACIONES LENNY|42, 43|75916093||C. Reza 315 esq. España|Artesanal||
80|CRISTEMBO SRL|15|4268261|4268042|Av. BLANCO GALINDO KM 7|Area Externa|http://cristembo.com/|
81|CROWN LTDA|1A36E|4798801|4798801|Plazuela Constitucion Av. Salamanca esq. 16 de Julio|Area Externa|http://www.mo-bus.com/comunidad/3739-crown-ltda/profile|https://www.facebook.com/crownbolivia?fref=ts
82|DABALASH|36|4415065|70380672|Dorbigni Nº 2011 entre Av. Melchor Perez y Mar del Plata|Integracion||
83|DECO IDEAS|4|4266786||ECUADOR Nº 559 ENTRE LANZA Y SAN MARTIN|Bicentenario||https://www.facebook.com/decoideasinfo?fref=ts
84|DECOMOMENTO|1C16E|4375774||Km 7 1/2 Blanco Galindo 44|Artesanal||
85|DECORACIONES EN BRONCE MIGUEL ANGEL|58, 59, 64, 65|3527931||Av. EL TROMPILLO N° 176 2DO ANILLO|Bicentenario||
86|DICHES SRL|13|4240986|4240986|DANIEL CAMPOS Nº 423|Bicentenario||
87|DIRECON|61, 62, 63, 74|56-2-8275600|56-2-8275600|TEATINOS Nº 180, PISO 9|Internacional|http://www.prochile.gob.cl/paises/bolivia/|
88|DOULOS IMPORT EXPORT|51|4311170|77927789|Av. Chapisirca Nº 1001 Zona Tiquipaya|Internacional||
89|DRAGO FENIX LR EDITORIAL|7|4222513|77448703|AYACUCHO Nº 465|Internacional||
90|ECN FRIOTEC|2A28E|4221184|4221184|C. Papa Clemente Nº 84 Zona Mesadila|Bicentenario||
91|EDITORIAL LIBROS ABIERTOS|87|4241714||C. CARACOLES N° 369 ZONA HIPODROMO|Bicentenario|http://www.directorio.com.bo/38774_editorial-libros-abiertos|
92|EL PALACIO DEL SILPANCHO|46, 47, 48, 49, 50, 51, 52, 56, 57, 58, 59, 60|4222732|70773807|C. Baptista Nº 434|Plaza de Comidas||https://www.facebook.com/pages/El-Palacio-Del-Silpancho/220645167986408?fref=ts
93|EL ROBLE SYSTEMS|6|4423892|70756284|Av. TUNUPA PASAJE C Nº 26|Internacional||
94|ELECTRIC COPPER S.R.L.|57|4429944||Av. BLANCO GALINDO KM 3 1/2 Nº 2580|Bicentenario||
95|EMBRIOVID S.R.L.|31|4531820|67599600|Av. Oquendo Nº 654|Bolivia|http://www.embriovid.com/web4/noticias.php|https://www.facebook.com/embriovid?fref=ts
96|EMBUTIDORA TORRICO SRL|88, 89, 90|4385875|4385101|CARRETERA ORURO KM 22 1/2|Bolivia||
97|EMPANADERÍA WISTUPIKU|38|4257972|4257972|C. Lanza Nº 619|Plaza de Comidas|http://www.wistupiku.com/|
98|EOD MEDICAL|1B14E|||Av. Heroinas esquina Antezana|Area Externa||https://www.facebook.com/Omar.carpio.chirinos?fref=ts
99|EQUIMPORT|8,9,12, 13, 14, 15, 16, 17, 23, 24, 25, 26, 27, 28|4250406|4580486|CALAMA 0340|Bolivia ó Bicentenario|http://www.equimport.com/|https://www.facebook.com/Equimportscz?fref=ts
100|ESTUDIO CONSTRUCTORA FUENTES|41|65765507||C. LANZA Nº 570 ENTRE CALAMA Y LADISLAO CABRERA|Bicentenario||https://www.facebook.com/pages/Estudio-Fuentes-Magne-Constructora/346766598844537?fref=ts
101|EXCERNAT|73|74058112||C. Andres Ibañez Nº 1674|Integracion||
102|EXIMBOL S.R.L.|1D25E|4792298 - 4792450 - 4792451|70799919|Av. GUALBERTO VILLARROEL Nº 1160 EDIF. PRESIDENTE I TEJADA PLANTA BAJA|Bolivia||https://www.facebook.com/pages/Eximbol-SRL/430810496999093?ref=ts&fref=ts
103|EXPOSALUD|113|60776224||C. VILLAVICENCIO, C. CHIPAYA PASAJE B 203 URB, SIDUMSS|Internacional||https://www.facebook.com/ExpoSaludEcuador?fref=ts
104|FABOCE SRL|41, 42|4270088|4271008|Av. CHAPARE Nº 08490 ZONA HUAYLLANI|Area Externa|http://www.faboce.com.bo/|https://www.facebook.com/ceramicas.faboce
105|"FABRICA DE CHOCOLATES ""SUCS. HARASIC"" LTDA"|43, 44|25241646|25241646|SARGENTO FLORES N° 415 POTOSI 6 DE OCTUBRE|Integracion||
106|FABRICA NACIONAL DE CAJAS FUERTES CASE|37|4500504|||Bicentenario|http://www.casebolivia.com/|https://www.facebook.com/cajasfuertescase?fref=ts
107|FAMEQUI & JK|71, 72|4496273||Av. Villazon 403 Km 2, lado Campero|Bolivia||
108|FANACIM S.A.|18|4762333|4216663|Av. ITALIA Nº 132 VALLE HERMOSO|Bicentenario|http://www.fanacim.com.bo/Sitio/Interfaces/IUVentasCBA.php|
109|FARMACIA CRESPO|2 FARMACIA|4746975|76457808|C. Montero Nº 0716|Area Externa||https://www.facebook.com/pages/Farmacia-Crespo/341901542568248?fref=ts
110|FLOR DE LECHE SRL|92|2890011|2890011|Pucarani Achocalla La paz|Bicentenario|http://www.flordeleche.com/|https://www.facebook.com/pages/Chalet-Flor-de-Leche/541205155891203
111|FLOR DE LOTO|39|72744943|4428625|C. Sucre esq Esteban Arce|Artesanal||
112|FLOR EXPORT|26|4394026||C. Santa Cruz s/n zona paucarpata Quillacollo|Integracion||https://www.facebook.com/grupoempresarial.kantutani?fref=ts
113|FRUTOS DEL SUR SRL|30, 35|4315139||Av. Reducto C. las violetas zona brunomoko|Integracion|http://www.directorio.com.bo/61542_industrias-de-alimentos-y-bebidas-frutos-del-sur-srl|
114|FUNDACION AGRECOL ANDES|3|4423838|4423636|PASAJE F 2958 URBANIZACION EL PROFESIONAL|Area Externa|http://web.agrecolandes.org/|https://www.facebook.com/FundacionAgrecolAndes?fref=ts
115|FURNITURE & TEEN DESIGN SRL|2C43E|4036129|69422333|Av. Uyuni Nº 541 Zona Queru Queru|Internacional|http://imbolivia.com/e/furniture-teen-design-s-r-l|
116|GALA DEPORTE SRL|75, 76, 77|4406049||C. PSJE ZOOLOGICO Nº 1185|Internacional||
117|GEDESA LTDA|35, 36, 37, 38,103, 104, 105, 106, 114, 115, 116|4523225|4523228|C. ANTEZANA N°279|Internacional||https://www.facebook.com/gedesa.ltda?fref=ts
118|GRANJA AVICOLA INTEGRAL SOFIA LTDA.|74, 75, 76, 77|4177750||Av. TUNARI ESQ. CIPOY ZONA LAGUNA ALALAY NORTE|Bolivia||
119|GRUPO EMPRESARIAL VALENCIA SRL|5, 6|4260265|4260265|CARRETERA CONFITAL KM 18 1/2|Bolivia|http://www.trabajopolis.bo/empresa-con-ofertas-de-trabajo-y-empleo-en-bolivia/55118/Grupo%20Empresarial%20Valencia%20S.R.L.|
120|GUORANGA EXPORT|108|76785893||SHOPING NORTE CUARTO NIVEL LOCAL 42|Internacional||
121|HACIENDA JD|56|4442210||Av. Juan de la Rosa edif Torre Rivero planta baja C|Artesanal||
122|HACIENDA SAN VALENTINO SRL|4|4510817||NATANIEL AGUIRRE S/N|Internacional||
123|HAMBURGON|98|4421759|72736753|C. ISMAEL CESPEDES Nº 76 ENTRE JUAN DE LA ROSA Y YURACARE|Plaza de Comidas|https://www.facebook.com/pages/Hamburgon/155292501265820?rf=561974530553931|https://www.facebook.com/pages/Hamburgon/155292501265820?fref=ts
124|HOTEL CRISTAL SAMAÑA|76|4422472 - 75900030|71440042|C. BATALLON COLORADOS EDIF MURAL PISO 7D|Bolivia|http://www.hotelcristalsamana.com.bo/index.php/sp/hotel/index|https://www.facebook.com/CristalSamana?fref=ts
125|HOTELES Y CONVENCIONES DEUTSCHLAND S.A.|3|4450300|4450301|C. Luis Mostajo Nº 100 esq Atahuallpa|Plaza de Comidas||
126|IBAL|10|4430852||CAPITAN USTARIZ KM 4 N°3455|Integracion||
127|IGBOL DISTRIBUCIONES SRL|11, 12|3516880|3598878|DOBLE VIA LA GUARDIA KM 8 1/2 Av. APOLO|Internacional|http://imbolivia.com/e/igbol-distribuciones-s-r-l|
128|IMBA S.A.|34|4286391|4286391|Av. CAPITAN VICTOR USTARIZ 4 1/2|Bolivia||https://www.facebook.com/ImbaBolivia
129|IMBA S.A.|90|4286391|4286391|Av. CAPITAN VICTOR USTARIZ 4 1/2|Plaza de Comidas||https://www.facebook.com/ImbaBolivia?fref=ts
130|IMCRUZ COMERCIAL S.A.|1B12E,2B33E, 2B34E,2B48E, 3B13E, 3B14E|4450340|4450342|America N° 342|Area Externa|http://www.imcruz.com/|https://www.facebook.com/ImcruzBolivia?fref=ts
131|IMPORT EXPORT LAS LOMAS LTDA|2A12E|4227729|4250546|C. Junin Nº 633 esq. Ladislao Cabrera|Area Externa||
132|IMPORT MAURY WEIDERS|54, 55|65361868|4224447|ESTEBAN ARCE 1579|Bicentenario||
133|IMPORTADORA CAMPERO|2A5E|4245034|4280106|Av. Libertador Bolivar Nº 1553 Casi Av. America|Area Externa||https://www.facebook.com/ImportadoraCampero?fref=ts
134|IMPORTADORA DARIO|5|4360792|70362028|C. RUFINO BENAVIDES Nº 20|Integracion||
135|IMPORTADORA IMCABEZ SRL|51, 52|4525224||Mayor Rocha 314 entre Hamiraya y Tumusla|Bolivia||
136|IMPORTADORA TAMIVA|93, 94|4408271|4408470|VILLA DE OROPEZA N°781|Bolivia|https://www.facebook.com/Importadora.Tamiva|
137|IMSERAUTO|1, 2|4298092|4490944|Av. PAPA DAMASO N° 52 PACATA ALTA|Internacional|http://www.imserauto.com/index.php|https://www.facebook.com/imserauto.importacionesrepresentaciones?fref=ts
138|IMSERMAQ|54|2286077|72580997|Av. Alto de la Alianza Nº 742|Internacional|http://imsermaq.wix.com/imsermaq|https://www.facebook.com/Imsermaq?fref=ts
139|INDUSTRIA COPACABANA S.A.|80, 81|2458309|2458312|C. LUIS SALINAS VEGA Nº 108 ZONA PURA PURA|Bolivia||
140|INDUSTRIAS ALIMENTICIAS CABRERA|62, 63, 67, 68|3482222|3482222|PARQUE INDUSTRIAL MANZANA N° 1|Internacional||
141|INDUSTRIAS ALIMENTICIAS FAGAL SRL|6|4717000|4717000|AV VILLAZON KM 4 1/2 ZONA AROCAGUA|Bolivia||
142|INDUSTRIAS DURALIT S.A.|2A35E|4268311-13|4268555|C. MIGUEL LANZA N° 0205|Area Externa|http://www.duralit.net/|https://www.facebook.com/duralitbolivia?fref=ts&rf=237485152974871
143|INDUSTRIAS LIDER LTDA|66, 67|4582148||Av. HUAYNA KAPAC 747|Bicentenario|https://www.facebook.com/pages/Industrias-Lider-Ltda-Sucursal-Sc/182060158553517?sk=info&tab=page_info|https://www.facebook.com/pages/Industrias-Lider-Ltda-Sucursal-Sc/182060158553517?fref=ts
144|INDUSTRIAS QUÍMICA NACIONAL|63|4666555|4312855|C. Rafael Urquidi Nº 226 casi Colombia (Costanera)|Bicentenario||
145|INDUSTRIAS VENADO S.A.|2A37E|2280600|2281485|C. TENIENTE OQUENDO Nº 103|Area Externa|http://www.grupovenado.com/|
146|INMOBILIARIA KANTUTANI S.A.|61, 62|4400004|4498000|Av.Martin de la Rocha Nº 1407 esq. Calancha|Bicentenario||
147|INSTITUTO DE FORMACIÓN FEMENINA INTEGRAL IFFI|50|4010241 - 4010242|4010244|C. Benjamin Guzman Nº 20 Plazuela J Rivera Luna, Zona Muyurina Tupuraya|Bicentenario||
148|INVERSIONES SUCRE S.A.|24|4200850|4521701|C. La Paz Nº 271 entre Junin y Hamiraya|Bolivia|http://www.concretec.com.bo/new/index.php|https://www.facebook.com/pages/Inversiones-Sucre-SA/279841172047054?fref=ts
149|IRUPANA ANDEAN ORGANIC FOOD S.A.|2A16E|2211939|2211939|Av. Costanera Nº 36 Villa La Merced|Bicentenario|http://www.irupanabio.com/nempresa/3.html|https://www.facebook.com/irupanasa?fref=ts
150|J&J INDUSTRIES S.A.|2|4268318|4268319|Av. BLANCO GALINDO KM 6 1/2|Bolivia||
151|JAGUAR BOLIVIA SRL|17, 18|4295945|77400211|Av. CAPITAN VICTOR USTARIZ KM 6,7|Internacional||
152|JAVIER TORRE ROBLES|25,16|51991203080||HUANCAYO C. PRIMAVERA 140|Integracion ó internacional||
153|JOTTA EVOLUTION SRL|57|2492598|79520492|Av. Apumallan Nº 420 Piso 1 Of. 6|Bicentenario||
154|JOYAS SOLANGIE|33|4506782|76494440|Ladislao Cabrera Nº 467 entre San Martin y 25 de Mayo|Bicentenario||https://www.facebook.com/pages/Joyas-Solangie/543833422365114?fref=ts
155|Joyeria Ayrin|30|4668429||Av. SAN MARTIN ESQ BRASIL Nº 901|Bicentenario||
156|JUGUETES DE ACERO KUPER SRL|32|79681320||Av. PALMERAS 2795,URB. BELLOHORIZONTE LAGUNAS, DISTRITO 7, EL ALTO|Bicentenario||
157|KATALEYA COFFEE|19, 20|77493366||Av. Portales entre Av. Santa Cruz y Tomas Frias 1485|Bolivia||https://www.facebook.com/kataleya.coffeandpub?fref=ts
158|KRONCE|1|77400191||Condominio Plaza Real, 9 C, Av. Beijing casi America|Bicentenario||
159|LA VITALICIA SEGUROS Y REASEGUROS DE VIDA S.A.|27|4451301|4118831|Av. LIBERTADOR BOLIVAR N°1858|Bolivia|http://www.lavitaliciaseguros.com/|https://www.facebook.com/pages/La-Vitalicia-Seguros-Y-Reaseguros-De-Vida-SA/380169942028977?fref=ts
160|LABORATORIO ARTESANAL INALFA|12|2821607||Av. ANTOFAGASTA N° 50 ESQUINA C. 4 ZONA VILLA DOLORES|Integracion|http://boliviaya.com/empresa/00250374-laboratorio-artesanal-inalfa.html|
161|LATIN AMERICA|3A11E|4668314||Av. Sajama 1060 entre Manco Kapac y Juana Azurduy|Integracion||
162|LAUREANO ROJAS|93|4251171|4251173|Av. Heroinas Nº 534|Internacional||
163|LAURO & CIA|11, 12|4251171|4251173|Av. HEROINAS N° 534|Internacional||
164|LIMON MEXICAN GRILL|111|4403430|75466338|Av. Santa Cruz Nº 1585|Plaza de Comidas||
165|LINEA AEREA ECOJET S.A.|3A8E|4123700|71420742|Plazuela Constitucion esq. 16 de Julio|Area Externa|http://www.ecojet.bo/|
166|M&M IMPORTACIONES Y REPRESENTACIONES|26|3 3301931||SUAREZ DE FIGUEROA 264 ENTRE COLON Y VELASCO GALERIA VICTORIA LOCAL 7|Internacional||
167|MACERBOL IMPORT - EXPORT S.R.L|1D26E|3627373|70975648|Barrio Conavi Clle Cnel A. Aymerich Nº 3465|Internacional||
168|MACHOBOL PORTONES SAN MIGUEL|1, 2|4403724|76438638|Av. Melchor Perez de Olguin Nº 1928|Area Externa||
169|MADERA DECORATIVA|11|4441980||COLINA GS DPTO I SURQUILLO|Integracion||
170|MADIMAQ|16|4271532|72276510|Av. BEIGIN Nº 500|Bicentenario||
171|MAGIC GAMES|31|2-2270369|2270369|Zona Villa Copacabana C. 1 Nro 2234-B|Integracion||https://www.facebook.com/MagicGamesBo?fref=ts
172|MANCOMUNIDAD DEL TROPICO|4|44136203||Av. Del Estudiante entre C. Marcelo Quiroga|Integracion||
173|MANJAR DE ORO|49|4485899||AV AMERICA Nº 906 ESQ MELCHOR URQUIDI|Internacional|http://manjardeoro.com/|https://www.facebook.com/search/results/?q=MANJAR%20DE%20ORO&init=mag_glass&tas=search_preload&search_first_focus=1427317493241
174|MANZANAS CANDY 1|Manzana 1|4795219||COÑA COÑA PASAJE K|Pastillas||
175|MANZANAS CANDY 2|Manzana 2|72701451|4731727|C. Ricardo Soruco Santa Barbara|Pastillas||
176|MANZANAS CANDY 3|Manzana 3|76917002||km 4 Av. Petrolera Barrio San Miguel Zona Sud|Pastillas||
177|MANZANAS CANDY 4|Manzana 4|79373911||C. Armando Gutierrez Nº 04 Zona Coña Coña|Pastillas||
178|MARMOL ONIX|5|4585552|72212929|Psje ZENTENO ANAYA ARZOBISPADO LOCAL 1|Bicentenario||
179|MAUX|57|4285375|72292821|C. Espinoza Nº 2950 entre Niceto Rodriguez y Av. 2da|Artesanal||
180|MEDICAL STORE|91, 92|4408470||C. Villa de Oropeza Nº 880 Edificio Miracena Piso Mezanine Dpto 1A|Bolivia|http://imbolivia.com/e/medical-store|
181|Mevar S.R.L.|91|4445438|4123082|Av. BLANCO GALINDO N° 1529|Bicentenario||
182|MEXICANA DE IMPORTACIÓN Y EXPORTACION|88|2786247 - 2782081|2783734|Av. 14 DE SEPTIEMBRE Nº 5652 OBRAJES|Internacional||
183|MILCAR SRL|101|4718761|77909039|KM. 4 1/2 A SACABA C. JACARANDA Nº 153|Internacional||
184|MILLER BEBIDAS Y ALIMENTOS S.A.|29|4036256|79977777|Av. MELCHOR URQUIDI Nº 1274|Plaza de Comidas||
185|MIO|17|4542522||C. Sucre Nº 1369|Internacional||
186|MMB CYLINDERS SRL|86|4710606||Av. VILLAZON KM 5 ½ - PSJE. INNOMINADA S/N ZONA AMANCAYAS|Bicentenario||
187|Moda Corp|48|4520211||C. 16 de Julio esquina La Paz|Bicentenario||
188|Moda Corp|95|4520211||C. 16 de Julio esquina La Paz|Bicentenario||
189|MODAS NAYRA|91|4284245||Ismael Cespedes esq. Chimane 1311|Internacional||
190|MONOPOL LTDA|3B9E|4432121|4117340|C. Claudio Ptolomeo Nº 258 entre Beijing y G. Suarez|Area Externa|http://www.pinturasmonopol.com/|https://www.facebook.com/pinturasmonopolLt?fref=ts
191|MUEBLES SANTIAGO SRL|68|4317300|71720581|Av. Reducto s/n Pasaje Santiago|Bicentenario||https://www.facebook.com/pages/Muebles-Santiago/187603148092611
192|MUEBLES ZAMON|39|72207445|4481000|Av. AMERICA ESQUINA M AGUIRRE FRENTE A GIMNASIO PREMIER|Bicentenario||
193|MUNDO HOGAR|22|77589296||C. Herrera esq. Potosi|Integracion||
194|MY HOUSE|84, 85|77589293||Av. AMERICA 1196|Bicentenario||
195|NACIONAL VIDA S.A.|95, 96|4457100|4457104|Av. America Nº 397|Bolivia|http://www.nacionalvida.com.bo/|https://www.facebook.com/profile.php?id=100008365176419&fref=ts
196|NTC NEW TRAINING CENTER|47|4020851|77918320|C. ORURO Nº 219 ESQ. BALLIVIAN|Bicentenario||
197|NUEVATEL PCS DE BOLIVIA S.A.|2A8E, 2A32E|4485551|4485353|Av. SANTA CRUZ N°1344|Area Externa|http://www.viva.com.bo/?utm_expid=46259348-1.3vihQF7cR_20sRPimBLl3Q.0&utm_referrer=https%3A%2F%2Fwww.google.com.bo%2F|https://www.facebook.com/viva.nuevatelpcs?fref=ts
198|ODONTO VIA|34|4512595||C. Antezana n° 178|Area Externa||
199|OLAM|59|4505665|71769918|C. Nataniel Aguirre Nº 389 casi esq Jordan|Artesanal||
200|OPTICA BUENOS AIRES|44, 45, 46|4520650|4520650|Av. SAN MARTIN N° 283|Bolivia|http://imbolivia.com/e/optica-buenos-aires|
201|OPTICA MUNDO VISION|79|4062578|70350627|C. ANGOSTURA Nº 1568|Bicentenario||https://www.facebook.com/pages/Optica-Mundo-Vision/275225549354975?fref=ts
202|OPTICA ROCHESTER SRL|98, 99|4254705|4254705|Av. SAN MARTIN N° 0222|Bolivia|http://es.boliviayp.com/company/58881/ROCHESTER_TU_%C3%93PTICA|
203|ORGANICA DEL SUR SRL|47|4379000|4379001|C. Libertador Bolivar s/n Sumumpaya Sud Colcapirhua|Area Externa||
204|PANABOL LTDA|16|4581024||Av. Trompillo 2do Anillo|Bicentenario|http://www.panabolautoparts.com/|https://www.facebook.com/PanabolLtda?fref=ts
205|PASTILLAS 0|65|4286904||LOLA TABORGA DE REQUENA ZONA SARCO|Pastillas||
206|PASTILLAS 5|2A42E|67400644||VILLA COSMOS|Pastillas||
207|PATITAS DESCALZAS|37, 38|4298385||Av. Pando esq. Jacaranda|Artesanal||
208|PETER IND|33,55|6425412|61883972|C. Ana Pavlova final Juan de la Rosa y America Oeste|Artesanal||
209|PIL ANDINA S.A.|27, 28, 3C5E|4260164|4264410|Av. BLANCO GALINDO KM 10,5|Area Externa ó Plaza de Comidas|http://www.pilandina.com.bo/|https://www.facebook.com/pages/Pil-Andina-SA/273703406168615?fref=ts
210|PISABOL S.R.L.|7|4430340|4242621|C. IRIGOYEN N°33 SARCO entre Moyo Moyo y Yuqui|Bolivia ó Internacional|http://www.bo.all.biz/pisabol-srl-e1766|
211|PIZZERIA NAPOLIS|1|4025487|67405781|LIBERTADOR BOLIVAR N°1323|Plaza de Comidas||https://www.facebook.com/pages/Pizzeria-Napolis/336727936422960?fref=ts
212|PLASTICOS CARMEN SRL|2A14E|3332762|3371272|Av. Uruguay Nº 640|Area Externa|http://amerpages.com/spa/bolivia/items/view/3771/plasticos-carmen-s-r-l|
213|PLATERIA SANTIAGO|82|4299199||Av. Villazon 315 km 1 1/2 rotonda SNC|Bicentenario||
214|PLAYA TURQUESA SRL|15|3416262|69202220|AV SAN MARTIN Nº 1100 ESQ AZUCENAS|Bicentenario|http://www.trabajopolis.bo/empresa-con-ofertas-de-trabajo-y-empleo-en-bolivia/283573/PLAYA-TURQUESA-SRL|
215|PREVIOUs PUB|78|70727133|4553310|25 de Mayo Nº 0811|Area Externa||
216|PRODUCTOS ECOLOGICOS NATURALEZA S.A.|2A41E|4460500||Av. Melchor Urquidi 2161|Bolivia|http://www.comunidadandina.org/atrc/41/seminario/productos_ecologicos_naturales_bolivia.pdf|https://www.facebook.com/frutteecologica?fref=ts
217|PRODUCTOS NATURALES VICTORIA|17|79984414||ZONA CHIMBA C. LOS ARCES|Integracion||
218|PULLMAN LTDA|95, 96, 97, 100, 101, 102|4486194||Av. Pando 1182|Bicentenario|http://www.colchonespullman.com/|
219|RECAUCHUTADORA POTOSI|3A15E|4376500||Av. BLANCO GALINDO KM 7|Internacional||https://www.facebook.com/recauchutadorapotosi?fref=ts
220|REGASA INDUSTRIA Y COMERCIO LTDA.|3, 4, 5|4726445||Av. Eliodoro Villazon N° 11150|Internacional||
221|REPRESENTACIONES R&R|14|4456186||C. BARTOLINA SISA N° 171|Integracion||
222|RESIDE SRL|48|4799395|4799395|Av. America Nº 1108 Edif. Terrado Piso 5 Of. 4 Arriba BNB|Bolivia||
223|RESTAURANT CHURRASQUERIA BUFALO|74|4239138 - 70706021|70397681|Av. DORBIGNI S/N ENTRE ANTOFAGASTA Y CARACOLES|Plaza de Comidas||https://www.facebook.com/pages/Churrasqueria-El-Bufalo/1511310485764876?fref=ts
224|RESTAURANT JUANA|2A25E|79733034|4505636|Av. Siglo XX Nº 150 Zona Alalay Norte Barrio Minero|Area Externa||
225|RIBERT|39|4282519|4235514|Av. SAN MARTIN N° 671|Bicentenario||
226|RIO SELVA RESORT S.A.|85, 86, 87|2411818|2411561|C. ROMECIN CAMPOS 696 ZONA SOPOCACHI|Bolivia|http://www.rioselva.com.bo/contacto.html|https://www.facebook.com/HotelesRioSelvaResort?fref=ts
227|Romalini|75|4524380||C. ANTEZANA Nº 377 CASI VENEZUELA|Internacional||
228|ROSA DE FRANCIA|18|71213433||C. TARAPACA Nº 749 4TO PISO ZONA 14 DE SEPTIEMBRE|Integracion|http://boliviaya.com/empresa/00222808-joyeria-y-relojeria-rosa-de-francia.html|
229|SAFI MERCANTIL SANTA CRUZ S.A.|24, 25|4251845|4251845|C. CALAMA Nº 242 AGENCIA BANCO MERCANTIL SANTA CRUZ AUTOBANCO|Bolivia|https://www.safimsc.com/|https://www.facebook.com/safimsc
230|SEGURIDAD ELECTRONICA INTEGRADA SEI|31, 32|4425515||1|Internacional||https://www.facebook.com/sei.seguridadelectronicaintegrada?fref=ts
231|SERVICIO DE IMPUESTOS NACIONALES|10|4501325-4501331|4501326-4501332|C. JORDAN Nº 259 ENTRE ESTEBAN ARCE Y NATANIEL AGUIRRE|Bicentenario|http://www.impuestos.gob.bo/|https://www.facebook.com/sinbolivia?fref=ts
232|SERVICIO INDUSTRIAL Y MAQUINARIA ANTEZANA SRL|92, 93,53|2250081|2252407|ZONA SANTA ROSA C. 5 ENTRE AV ARICA Y CIVICA|Internacional ó externa|http://www.simasrl.com/|
233|SERVICIO NACIONAL DE PROPIEDAD INTELECTUAL (SENAPI)|20|2115700||C. Potosí y Colón N° 1278, Edificio Atalaya, piso 4.|Bolivia|http://www.senapi.gob.bo/index.asp|
234|SESAME FOODS CORPORATION S.A.|35, 36, 37|77302759|77302759|Av. BLANCO GALINDO KM 6 1/2 ENTRADA A MARINA DEL REY A LADO DEL MOTEL TANTRA|Bolivia|http://www.advanceconsulting.nl/news/5819/2013/11/sesame-food-corporation-launches-don-sesamo|
235|SHANS - EL OJO TURCO|15|72038246||C. REPUBLICA DOMINICANA Nº 1906 ZONA MIRAFLORES LA PAZ|Internacional||
236|SHEN TIANYING|20|3470496|79909609|Av. Omar Chavez Nº 664|Internacional||
237|SHIVA|109|73117848||Av. 5TO ANILLO 3555|Internacional||
238|SHOPPING VC|2B47E|4242912|72237748|Av. America Nº 652 casi Potosi|Area Externa||
239|SIBA LTDA|3B23E|4525945|79367393|Av. Salamanca Nº 675 Edif. Sisteco piso 6 Of. 1|Bolivia|http://imbolivia.com/e/singanis-bebidas-y-alimentos-siba-ltda|
240|SILDEC SRL|2, 3|4554840|76403999|C. Esteban Arce Nº 1417|Bolivia||
241|SIMSA - SOCIEDAD INDUSTRIAL MOLINERA S.A.|117|2430533|2430533|Av. Chacaltaya Nº 774|Bolivia|http://www.cabolqui.org/es/miembros/sociedad-industrial-molinera-sa/|
242|SISTEMAS ELECTRONICOS DE SEGURIDAD SES|43|4020384|72748707|Av. Dorbigni Nº 228 casi Villavicencio|Bolivia|http://www.sesbolivia.com/|
243|SJ CORP|44|4029230|79168398|C. Caracol Nº 17 Tiquipaya sobre Av. Ecologica|Artesanal||
244|SOCIEDAD ANONIMA COMERCIAL INDUSTRIAL - SACI|2A38E|4379900|4379901|Av. Blanco Galindo Km 6 1/2|Area Externa|http://www.saci.com.bo/|https://www.facebook.com/pages/SACI-Sociedad-An%C3%B3nima-Comercial-Industrial/473154326032006?fref=ts
245|SONON´G SRL|56|69410349||C. Esteban Arze Nº 1324|Internacional||
246|SOYAVIT|33|2481392||C. COROICO 1442 (3ER PISO SOBRE ACADEMIA TENIENTE)|Integracion||https://www.facebook.com/pages/Soyavit/1532817343603783?fref=ts
247|STHEFF|61|4488888 - 4405403||PEDRO BLANCO 375, ZONA MAYORAZGO|Bolivia||
248|STP SANEAR SRL|1C17E|3642665|3642665|Parque Industrial Mza 43 A L/8|Area Externa|http://www.boliviawebdirectory.com/mas_detalles.php?emp=8359|https://www.facebook.com/pages/STP-Sanear/915689278494589?fref=ts
249|TAIYO MOTORS S.A.|69|4485804 - 79675701|4485805|Av. Pando Nº 1191|Area Externa|http://www.nissan.com.bo/sp/web/homepage/index.htm|https://www.facebook.com/groups/nissantrinidad/?fref=ts
250|TAIYO MOTORS S.A.|105, 106|4485804 - 79675701|4485805|Av. Pando Nº 1191|Bicentenario|http://www.nissan.com.bo/sp/web/homepage/index.htm|https://www.facebook.com/groups/nissantrinidad/?fref=ts
251|TCOP IMPORT EXPORT SRL|52|4503790|76402565|C. 16 De Julio Nº 278|Bicentenario||
252|TECHNOCASA|88|4662314||Av. HEROINAS 880|Bicentenario|http://bolivia.inmobiliaria.com/inmobiliaria-de_santa-cruz-tecnocasa-bolivia-F12353.htm|
253|TERMODINAMICA LTDA.|9|471-7730||Av. Villazón No 3671|Internacional|http://www.termodinamicaltd.com/?lang=es|
254|TERMOLATINA BOLIVIA S.R.L|41|4520067||C. Baptista esq. Mexico 499|Bicentenario|http://www.termolatinabolivia.com/|
255|THERMOCONTROL INGENIERIA|38, 39, 40|4224118|4255447|ANTEZANA Nº 432|Bolivia||https://www.facebook.com/ThermocontrolIngenieria?ref=ts&fref=ts
256|Tipiko Ropa Infantil|21|4495767||ESMERALDA NORTE PARADA 5|Integracion|http://www.padreshispanos.com/manualidades_y_arte/trajes-tipicos-del-mundo-oruro-bolivia/549/|
257|TOYOSA S.A.|1B35E|4796062|4796260|Av. America Nº 1632 esq. Tupac Amaru|Area Externa|http://www.toyosa.com/|https://www.facebook.com/TOYOSA.SA
258|TRANSBEL S.A.|3B7E|3142500|3142500|4TO ANILLO ENTRE PARAGUA Y MUTUALISTA EDIF BELCORP|Area Externa||https://www.facebook.com/profile.php?id=100009041345244&fref=ts
259|TRANSFORPLAS|40|4750065|4750065|C. PENOCO ESQ. PGUAPOMON|Integracion||
260|TRANSPORTES AEREOS BOLIVIANOS - TAB|43, 44, 45|4590990||Av, Killmann 1691|Bolivia|http://tab-bolivia.com/|https://www.facebook.com/pages/Transportes-A%C3%A9reos-Bolivianos/114977045184330?fref=ts&rf=113155655361959
261|TRIBALINK|34|72273012||C. Cochabamba Tiquipaya|Artesanal||
262|TURBABOL|103|4561500||Av. 6 DE AGOSTO Nº 1765 Y MOXOS|Bicentenario||
263|TUVES TV SATELITAL BOLIVIA S.A.|21, 22|2004577 - 76787362||Av. Sanchez Lima Nº 2360 Edif. Sky Tower Of. 10 mezanine La Paz|Internacional||
264|UNIVERSIDAD SIMON I PATIÑO|30|4259029||Av. Villazon Km1 a Sacaba|Bicentenario|http://usip.edu.bo/|https://www.facebook.com/posgrado.universidadsimoni.patino?ref=br_rs
265|USM BOLIVIA SRL|2A11E|4504275||Av. HEROINAS Nº 601|Area Externa||https://www.facebook.com/usm.bolivia?fref=ts
266|Vanidades Bijouteria|28|75600759|4299199|C. 24 DE SPETIEMBRE BAZAR MARISOL|Integracion||
267|Vinos Casanova|19|4751830|4502130|Av. GUAPURU ENTRE GUAYACAN Y RUISEÑOR|Bicentenario|http://www.lostiempos.com/especiales/edicion/especiales/20130502/bodegas-y-vinedos-ven-a-la-feicobol-como-su-mejor_211449_454147.html|https://www.facebook.com/VinosCasanova
268|VINOS LA TORRE|32,6|72781580||LADISLAO CABRERA Y NATANIEL AGUIRRE|Bicentenario ó integracion ?? ||
269|VITRIFICADOS DEL CARMEN|46|4236104|77423035|final republica y barriendos parque ferroviario Nº 255|Artesanal||
270|WAYRA IMPORTACIONES SRL|2B46E|4370897||Av. Blanco Galindo km 6 1/2|Area Externa||
271|WORLD PRODUCT TV|22|4511221|4511605|SAN MARTIN N°540|Integracion||
272|YESID RAFAEL ARAMBURO GUERRERO|3B24E|4798393|72207043|C. 16 DE JULIO Nº 1621|Internacional||
273|YESID RAFAEL ARAMBURO GUERRERO|3C3E|4798393|72207043|C. 16 DE JULIO Nº 1621|Internacional||
274|Yuli Import|78, 79, 80, 81, 82, 83|4584025 - 4585607||Tumusla Nº 107|Bicentenario|http://www.yuliimport.com/|
